<?xml version="1.0" encoding="UTF-8" standalone="yes"?>
<networkModel>
    <cablesMap>
        <entry>
            <key>37</key>
            <value idAsString="37">
                <component1>28</component1>
                <component2>34</component2>
                <delay>3</delay>
                <hwType>CABLE_ETHERNET</hwType>
                <id>37</id>
                <interface1>30</interface1>
                <interface2>35</interface2>
            </value>
        </entry>
        <entry>
            <key>12</key>
            <value idAsString="12">
                <component1>0</component1>
                <component2>2</component2>
                <delay>3</delay>
                <hwType>CABLE_ETHERNET</hwType>
                <id>12</id>
                <interface1>1</interface1>
                <interface2>3</interface2>
            </value>
        </entry>
        <entry>
            <key>31</key>
            <value idAsString="31">
                <component1>2</component1>
                <component2>28</component2>
                <delay>3</delay>
                <hwType>CABLE_ETHERNET</hwType>
                <id>31</id>
                <interface1>4</interface1>
                <interface2>29</interface2>
            </value>
        </entry>
    </cablesMap>
    <componentsMap>
        <entry>
            <key>34</key>
            <value idAsString="34">
                <defaultZoomXPos>1186</defaultZoomXPos>
                <defaultZoomYPos>124</defaultZoomYPos>
                <devSettings>
                    <natConfig/>
                    <netModType>tcp_ip_netmod</netModType>
                    <routingTabConfig/>
                </devSettings>
                <hwType>CISCO_ROUTER</hwType>
                <id>34</id>
                <interface hwComponent="34" idAsString="35">
                    <cable>37</cable>
                    <hwType>CISCO_ROUTER</hwType>
                    <id>35</id>
                    <ipAddress>10.0.0.2/29</ipAddress>
                    <isUp>true</isUp>
                    <macAddress>AA-11-E0-00-00-11</macAddress>
                    <name>FastEthernet0/0</name>
                </interface>
                <interface hwComponent="34" idAsString="36">
                    <hwType>CISCO_ROUTER</hwType>
                    <id>36</id>
                    <ipAddress></ipAddress>
                    <isUp>false</isUp>
                    <macAddress>AA-11-E0-00-00-12</macAddress>
                    <name>FastEthernet0/1</name>
                </interface>
                <name>cisco2</name>
            </value>
        </entry>
        <entry>
            <key>0</key>
            <value idAsString="0">
                <defaultZoomXPos>70</defaultZoomXPos>
                <defaultZoomYPos>643</defaultZoomYPos>
                <devSettings>
                    <natConfig/>
                    <netModType>tcp_ip_netmod</netModType>
                    <routingTabConfig>
                        <routingTableItem>
                            <destination>192.168.1.0/24</destination>
                            <interfaceName>eth0</interfaceName>
                        </routingTableItem>
                        <routingTableItem>
                            <destination>0.0.0.0/0</destination>
                            <gateway>192.168.1.2</gateway>
                            <interfaceName>eth0</interfaceName>
                        </routingTableItem>
                    </routingTabConfig>
                </devSettings>
                <hwType>END_DEVICE_PC</hwType>
                <id>0</id>
                <interface hwComponent="0" idAsString="1">
                    <cable>12</cable>
                    <hwType>END_DEVICE_PC</hwType>
                    <id>1</id>
                    <ipAddress>192.168.1.1/24</ipAddress>
                    <isUp>true</isUp>
                    <macAddress>AA-11-E0-00-00-00</macAddress>
                    <name>eth0</name>
                </interface>
                <name>linux1</name>
            </value>
        </entry>
        <entry>
            <key>2</key>
            <value idAsString="2">
                <defaultZoomXPos>630</defaultZoomXPos>
                <defaultZoomYPos>648</defaultZoomYPos>
                <devSettings>
                    <natConfig/>
                    <netModType>tcp_ip_netmod</netModType>
                    <routingTabConfig>
                        <routingTableItem>
                            <destination>192.168.2.0/26</destination>
                            <interfaceName>eth1</interfaceName>
                        </routingTableItem>
                        <routingTableItem>
                            <destination>192.168.1.0/24</destination>
                            <interfaceName>eth0</interfaceName>
                        </routingTableItem>
                        <routingTableItem>
                            <destination>0.0.0.0/0</destination>
                            <gateway>192.168.2.2</gateway>
                            <interfaceName>eth1</interfaceName>
                        </routingTableItem>
                    </routingTabConfig>
                </devSettings>
                <hwType>LINUX_ROUTER</hwType>
                <id>2</id>
                <interface hwComponent="2" idAsString="3">
                    <cable>12</cable>
                    <hwType>LINUX_ROUTER</hwType>
                    <id>3</id>
                    <ipAddress>192.168.1.2/24</ipAddress>
                    <isUp>true</isUp>
                    <macAddress>AA-11-E0-00-00-01</macAddress>
                    <name>eth0</name>
                </interface>
                <interface hwComponent="2" idAsString="4">
                    <cable>31</cable>
                    <hwType>LINUX_ROUTER</hwType>
                    <id>4</id>
                    <ipAddress>192.168.2.1/26</ipAddress>
                    <isUp>true</isUp>
                    <macAddress>AA-11-E0-00-00-02</macAddress>
                    <name>eth1</name>
                </interface>
                <interface hwComponent="2" idAsString="5">
                    <hwType>LINUX_ROUTER</hwType>
                    <id>5</id>
                    <ipAddress></ipAddress>
                    <isUp>false</isUp>
                    <macAddress>AA-11-E0-00-00-03</macAddress>
                    <name>eth2</name>
                </interface>
                <interface hwComponent="2" idAsString="6">
                    <hwType>LINUX_ROUTER</hwType>
                    <id>6</id>
                    <ipAddress></ipAddress>
                    <isUp>false</isUp>
                    <macAddress>AA-11-E0-00-00-04</macAddress>
                    <name>eth3</name>
                </interface>
                <name>linux2</name>
            </value>
        </entry>
        <entry>
            <key>28</key>
            <value idAsString="28">
                <defaultZoomXPos>1190</defaultZoomXPos>
                <defaultZoomYPos>648</defaultZoomYPos>
                <devSettings>
                    <natConfig>
                        <accessLists>
                            <address>192.168.2.1</address>
                            <number>7</number>
                            <wildcard>0.0.0.3</wildcard>
                        </accessLists>
                        <inside>FastEthernet0/0</inside>
                        <outside>FastEthernet0/1</outside>
                        <poolAccesses>
                            <number>7</number>
                            <overload>true</overload>
                            <poolName>ovrld</poolName>
                        </poolAccesses>
                        <pools>
                            <end>10.0.0.5</end>
                            <name>ovrld</name>
                            <prefix>24</prefix>
                            <start>10.0.0.5</start>
                        </pools>
                        <rules>
                            <in>192.168.1.1</in>
                            <out>10.0.0.6</out>
                        </rules>
                    </natConfig>
                    <netModType>tcp_ip_netmod</netModType>
                    <routingTabConfig>
                        <routingTableItem>
                            <destination>192.168.1.0/24</destination>
                            <gateway>192.168.2.1</gateway>
                        </routingTableItem>
                    </routingTabConfig>
                </devSettings>
                <hwType>CISCO_ROUTER</hwType>
                <id>28</id>
                <interface hwComponent="28" idAsString="29">
                    <cable>31</cable>
                    <hwType>CISCO_ROUTER</hwType>
                    <id>29</id>
                    <ipAddress>192.168.2.2/26</ipAddress>
                    <isUp>true</isUp>
                    <macAddress>AA-11-E0-00-00-0F</macAddress>
                    <name>FastEthernet0/0</name>
                </interface>
                <interface hwComponent="28" idAsString="30">
                    <cable>37</cable>
                    <hwType>CISCO_ROUTER</hwType>
                    <id>30</id>
                    <ipAddress>10.0.0.1/29</ipAddress>
                    <isUp>true</isUp>
                    <macAddress>AA-11-E0-00-00-10</macAddress>
                    <name>FastEthernet0/1</name>
                </interface>
                <name>cisco1</name>
            </value>
        </entry>
    </componentsMap>
    <id>-1</id>
    <lastEditTimestamp>1333545462920</lastEditTimestamp>
    <counter>
        <nextId>42</nextId>
        <nextMacAddress>19</nextMacAddress>
        <nextNumberMap>
            <entry>
                <key>END_DEVICE_WORKSTATION</key>
                <value>0</value>
            </entry>
            <entry>
                <key>CABLE_OPTIC</key>
                <value>0</value>
            </entry>
            <entry>
                <key>LINUX_ROUTER</key>
                <value>7</value>
            </entry>
            <entry>
                <key>CABLE_ETHERNET</key>
                <value>0</value>
            </entry>
            <entry>
                <key>CISCO_ROUTER</key>
                <value>0</value>
            </entry>
            <entry>
                <key>CISCO_SWITCH</key>
                <value>0</value>
            </entry>
            <entry>
                <key>LINUX_SWITCH</key>
                <value>0</value>
            </entry>
            <entry>
                <key>END_DEVICE_PC</key>
                <value>1</value>
            </entry>
            <entry>
                <key>REAL_PC</key>
                <value>0</value>
            </entry>
            <entry>
                <key>END_DEVICE_NOTEBOOK</key>
                <value>0</value>
            </entry>
        </nextNumberMap>
    </counter>
</networkModel>
